cohort,batch,i,minp_below_001
CESC,0,0,126
CESC,0,1,156
CESC,0,2,75
CESC,0,3,273
CESC,0,4,214
CESC,0,5,157
CESC,0,6,103
CESC,0,7,126
CESC,0,8,107
CESC,0,9,163
CESC,1,0,496
CESC,1,1,449
CESC,1,2,152
CESC,1,3,94
CESC,1,4,144
CESC,1,5,134
CESC,1,6,227
CESC,1,7,187
CESC,1,8,101
CESC,1,9,199
CESC,2,0,1335
CESC,2,1,131
CESC,2,2,347
CESC,2,3,259
CESC,2,4,88
CESC,2,5,308
CESC,2,6,223
CESC,2,7,105
CESC,2,8,59
CESC,2,9,162
CESC,3,0,416
CESC,3,1,95
CESC,3,2,153
CESC,3,3,511
CESC,3,4,91
CESC,3,5,92
CESC,3,6,96
CESC,3,7,257
CESC,3,8,252
CESC,3,9,128
CESC,4,0,226
CESC,4,1,173
CESC,4,2,173
CESC,4,3,223
CESC,4,4,188
CESC,4,5,81
CESC,4,6,92
CESC,4,7,107
CESC,4,8,191
CESC,4,9,163
CESC,5,0,223
CESC,5,1,322
CESC,5,2,76
CESC,5,3,261
CESC,5,4,155
CESC,5,5,159
CESC,5,6,134
CESC,5,7,91
CESC,5,8,915
CESC,5,9,191
CESC,6,0,512
CESC,6,1,103
CESC,6,2,255
CESC,6,3,169
CESC,6,4,280
CESC,6,5,309
CESC,6,6,89
CESC,6,7,354
CESC,6,8,64
CESC,6,9,177
CESC,7,0,87
CESC,7,1,120
CESC,7,2,291
CESC,7,3,401
CESC,7,4,70
CESC,7,5,61
CESC,7,6,97
CESC,7,7,141
CESC,7,8,62
CESC,7,9,456
CESC,8,0,131
CESC,8,1,94
CESC,8,2,236
CESC,8,3,739
CESC,8,4,111
CESC,8,5,997
CESC,8,6,169
CESC,8,7,606
CESC,8,8,97
CESC,8,9,104
CESC,9,0,81
CESC,9,1,122
CESC,9,2,107
CESC,9,3,205
CESC,9,4,135
CESC,9,5,144
CESC,9,6,80
CESC,9,7,171
CESC,9,8,308
CESC,9,9,79
CESC,10,0,762
CESC,10,1,149
CESC,10,2,71
CESC,10,3,235
CESC,10,4,288
CESC,10,5,92
CESC,10,6,110
CESC,10,7,173
CESC,10,8,196
CESC,10,9,154
CESC,11,0,92
CESC,11,1,83
CESC,11,2,106
CESC,11,3,892
CESC,11,4,115
CESC,11,5,115
CESC,11,6,241
CESC,11,7,165
CESC,11,8,209
CESC,11,9,118
CESC,12,0,139
CESC,12,1,367
CESC,12,2,120
CESC,12,3,245
CESC,12,4,186
CESC,12,5,92
CESC,12,6,127
CESC,12,7,115
CESC,12,8,286
CESC,12,9,369
CESC,13,0,83
CESC,13,1,93
CESC,13,2,144
CESC,13,3,296
CESC,13,4,176
CESC,13,5,297
CESC,13,6,161
CESC,13,7,81
CESC,13,8,157
CESC,13,9,136
CESC,14,0,168
CESC,14,1,114
CESC,14,2,184
CESC,14,3,151
CESC,14,4,135
CESC,14,5,105
CESC,14,6,275
CESC,14,7,340
CESC,14,8,217
CESC,14,9,236
CESC,15,0,240
CESC,15,1,207
CESC,15,2,133
CESC,15,3,110
CESC,15,4,147
CESC,15,5,170
CESC,15,6,148
CESC,15,7,187
CESC,15,8,84
CESC,15,9,91
CESC,16,0,81
CESC,16,1,615
CESC,16,2,107
CESC,16,3,75
CESC,16,4,149
CESC,16,5,66
CESC,16,6,64
CESC,16,7,288
CESC,16,8,118
CESC,16,9,266
CESC,17,0,259
CESC,17,1,213
CESC,17,2,157
CESC,17,3,457
CESC,17,4,59
CESC,17,5,91
CESC,17,6,87
CESC,17,7,119
CESC,17,8,137
CESC,17,9,99
CESC,18,0,211
CESC,18,1,208
CESC,18,2,131
CESC,18,3,113
CESC,18,4,362
CESC,18,5,243
CESC,18,6,182
CESC,18,7,975
CESC,18,8,604
CESC,18,9,372
CESC,19,0,135
CESC,19,1,62
CESC,19,2,71
CESC,19,3,156
CESC,19,4,249
CESC,19,5,184
CESC,19,6,135
CESC,19,7,744
CESC,19,8,170
CESC,19,9,173
CESC,20,0,92
CESC,20,1,125
CESC,20,2,511
CESC,20,3,103
CESC,20,4,159
CESC,20,5,213
CESC,20,6,788
CESC,20,7,231
CESC,20,8,67
CESC,20,9,83
CESC,21,0,289
CESC,21,1,183
CESC,21,2,183
CESC,21,3,349
CESC,21,4,335
CESC,21,5,108
CESC,21,6,103
CESC,21,7,153
CESC,21,8,78
CESC,21,9,163
CESC,22,0,58
CESC,22,1,335
CESC,22,2,275
CESC,22,3,233
CESC,22,4,77
CESC,22,5,138
CESC,22,6,80
CESC,22,7,125
CESC,22,8,332
CESC,22,9,140
CESC,23,0,674
CESC,23,1,220
CESC,23,2,271
CESC,23,3,114
CESC,23,4,268
CESC,23,5,130
CESC,23,6,336
CESC,23,7,159
CESC,23,8,94
CESC,23,9,149
CESC,24,0,111
CESC,24,1,137
CESC,24,2,129
CESC,24,3,112
CESC,24,4,80
CESC,24,5,74
CESC,24,6,143
CESC,24,7,159
CESC,24,8,189
CESC,24,9,293
CESC,25,0,325
CESC,25,1,116
CESC,25,2,368
CESC,25,3,172
CESC,25,4,94
CESC,25,5,101
CESC,25,6,182
CESC,25,7,625
CESC,25,8,168
CESC,25,9,124
CESC,26,0,732
CESC,26,1,149
CESC,26,2,295
CESC,26,3,86
CESC,26,4,63
CESC,26,5,288
CESC,26,6,145
CESC,26,7,293
CESC,26,8,642
CESC,26,9,61
CESC,27,0,291
CESC,27,1,156
CESC,27,2,178
CESC,27,3,52
CESC,27,4,117
CESC,27,5,205
CESC,27,6,201
CESC,27,7,253
CESC,27,8,248
CESC,27,9,481
CESC,28,0,414
CESC,28,1,189
CESC,28,2,144
CESC,28,3,298
CESC,28,4,255
CESC,28,5,321
CESC,28,6,92
CESC,28,7,100
CESC,28,8,423
CESC,28,9,174
CESC,29,0,135
CESC,29,1,289
CESC,29,2,178
CESC,29,3,154
CESC,29,4,176
CESC,29,5,146
CESC,29,6,318
CESC,29,7,135
CESC,29,8,163
CESC,29,9,155
CESC,30,0,190
CESC,30,1,67
CESC,30,2,133
CESC,30,3,166
CESC,30,4,82
CESC,30,5,267
CESC,30,6,70
CESC,30,7,611
CESC,30,8,173
CESC,30,9,141
CESC,31,0,91
CESC,31,1,72
CESC,31,2,96
CESC,31,3,104
CESC,31,4,133
CESC,31,5,305
CESC,31,6,158
CESC,31,7,36
CESC,31,8,50
CESC,31,9,164
CESC,32,0,172
CESC,32,1,174
CESC,32,2,446
CESC,32,3,273
CESC,32,4,177
CESC,32,5,198
CESC,32,6,202
CESC,32,7,428
CESC,32,8,268
CESC,32,9,188
CESC,33,0,66
CESC,33,1,202
CESC,33,2,168
CESC,33,3,122
CESC,33,4,123
CESC,33,5,146
CESC,33,6,278
CESC,33,7,306
CESC,33,8,75
CESC,33,9,138
CESC,34,0,110
CESC,34,1,149
CESC,34,2,151
CESC,34,3,115
CESC,34,4,138
CESC,34,5,146
CESC,34,6,81
CESC,34,7,355
CESC,34,8,207
CESC,34,9,182
CESC,35,0,654
CESC,35,1,93
CESC,35,2,558
CESC,35,3,400
CESC,35,4,103
CESC,35,5,126
CESC,35,6,103
CESC,35,7,109
CESC,35,8,929
CESC,35,9,65
CESC,36,0,133
CESC,36,1,186
CESC,36,2,174
CESC,36,3,76
CESC,36,4,238
CESC,36,5,219
CESC,36,6,115
CESC,36,7,199
CESC,36,8,220
CESC,36,9,241
CESC,37,0,80
CESC,37,1,169
CESC,37,2,547
CESC,37,3,174
CESC,37,4,118
CESC,37,5,160
CESC,37,6,118
CESC,37,7,138
CESC,37,8,62
CESC,37,9,331
CESC,38,0,182
CESC,38,1,127
CESC,38,2,110
CESC,38,3,618
CESC,38,4,132
CESC,38,5,84
CESC,38,6,64
CESC,38,7,248
CESC,38,8,412
CESC,38,9,94
CESC,39,0,152
CESC,39,1,284
CESC,39,2,194
CESC,39,3,188
CESC,39,4,1300
CESC,39,5,122
CESC,39,6,299
CESC,39,7,78
CESC,39,8,146
CESC,39,9,185
CESC,40,0,143
CESC,40,1,426
CESC,40,2,352
CESC,40,3,215
CESC,40,4,167
CESC,40,5,608
CESC,40,6,114
CESC,40,7,98
CESC,40,8,204
CESC,40,9,496
CESC,41,0,129
CESC,41,1,117
CESC,41,2,354
CESC,41,3,360
CESC,41,4,140
CESC,41,5,168
CESC,41,6,210
CESC,41,7,127
CESC,41,8,549
CESC,41,9,46
CESC,42,0,158
CESC,42,1,136
CESC,42,2,224
CESC,42,3,141
CESC,42,4,256
CESC,42,5,171
CESC,42,6,167
CESC,42,7,72
CESC,42,8,243
CESC,42,9,333
CESC,43,0,230
CESC,43,1,111
CESC,43,2,200
CESC,43,3,354
CESC,43,4,98
CESC,43,5,74
CESC,43,6,268
CESC,43,7,151
CESC,43,8,131
CESC,43,9,223
CESC,44,0,93
CESC,44,1,161
CESC,44,2,246
CESC,44,3,101
CESC,44,4,704
CESC,44,5,90
CESC,44,6,192
CESC,44,7,99
CESC,44,8,116
CESC,44,9,127
CESC,45,0,188
CESC,45,1,124
CESC,45,2,279
CESC,45,3,176
CESC,45,4,591
CESC,45,5,59
CESC,45,6,148
CESC,45,7,202
CESC,45,8,340
CESC,45,9,127
CESC,46,0,258
CESC,46,1,154
CESC,46,2,633
CESC,46,3,169
CESC,46,4,76
CESC,46,5,275
CESC,46,6,132
CESC,46,7,90
CESC,46,8,166
CESC,46,9,606
CESC,47,0,184
CESC,47,1,712
CESC,47,2,164
CESC,47,3,74
CESC,47,4,91
CESC,47,5,801
CESC,47,6,72
CESC,47,7,112
CESC,47,8,88
CESC,47,9,217
CESC,48,0,188
CESC,48,1,483
CESC,48,2,621
CESC,48,3,105
CESC,48,4,67
CESC,48,5,224
CESC,48,6,178
CESC,48,7,137
CESC,48,8,205
CESC,48,9,674
CESC,49,0,239
CESC,49,1,479
CESC,49,2,75
CESC,49,3,85
CESC,49,4,590
CESC,49,5,277
CESC,49,6,244
CESC,49,7,114
CESC,49,8,188
CESC,49,9,107
CESC,50,0,164
CESC,50,1,342
CESC,50,2,115
CESC,50,3,144
CESC,50,4,291
CESC,50,5,118
CESC,50,6,240
CESC,50,7,147
CESC,50,8,152
CESC,50,9,202
CESC,51,0,70
CESC,51,1,196
CESC,51,2,91
CESC,51,3,69
CESC,51,4,1990
CESC,51,5,120
CESC,51,6,162
CESC,51,7,380
CESC,51,8,116
CESC,51,9,125
CESC,52,0,58
CESC,52,1,478
CESC,52,2,558
CESC,52,3,272
CESC,52,4,439
CESC,52,5,67
CESC,52,6,154
CESC,52,7,203
CESC,52,8,276
CESC,52,9,185
CESC,53,0,97
CESC,53,1,270
CESC,53,2,187
CESC,53,3,596
CESC,53,4,88
CESC,53,5,72
CESC,53,6,184
CESC,53,7,138
CESC,53,8,139
CESC,53,9,443
CESC,54,0,150
CESC,54,1,92
CESC,54,2,117
CESC,54,3,98
CESC,54,4,104
CESC,54,5,252
CESC,54,6,138
CESC,54,7,101
CESC,54,8,192
CESC,54,9,152
CESC,55,0,135
CESC,55,1,214
CESC,55,2,214
CESC,55,3,67
CESC,55,4,214
CESC,55,5,120
CESC,55,6,263
CESC,55,7,96
CESC,55,8,133
CESC,55,9,206
CESC,56,0,187
CESC,56,1,178
CESC,56,2,215
CESC,56,3,137
CESC,56,4,138
CESC,56,5,189
CESC,56,6,152
CESC,56,7,123
CESC,56,8,150
CESC,56,9,1018
CESC,57,0,319
CESC,57,1,298
CESC,57,2,95
CESC,57,3,203
CESC,57,4,267
CESC,57,5,336
CESC,57,6,158
CESC,57,7,122
CESC,57,8,119
CESC,57,9,124
CESC,58,0,237
CESC,58,1,542
CESC,58,2,98
CESC,58,3,482
CESC,58,4,499
CESC,58,5,55
CESC,58,6,849
CESC,58,7,132
CESC,58,8,71
CESC,58,9,100
CESC,59,0,729
CESC,59,1,74
CESC,59,2,219
CESC,59,3,210
CESC,59,4,179
CESC,59,5,115
CESC,59,6,308
CESC,59,7,148
CESC,59,8,56
CESC,59,9,66
CESC,60,0,130
CESC,60,1,133
CESC,60,2,297
CESC,60,3,524
CESC,60,4,104
CESC,60,5,258
CESC,60,6,203
CESC,60,7,1134
CESC,60,8,97
CESC,60,9,266
CESC,61,0,228
CESC,61,1,121
CESC,61,2,65
CESC,61,3,253
CESC,61,4,282
CESC,61,5,301
CESC,61,6,165
CESC,61,7,185
CESC,61,8,499
CESC,61,9,128
CESC,62,0,266
CESC,62,1,64
CESC,62,2,159
CESC,62,3,524
CESC,62,4,128
CESC,62,5,78
CESC,62,6,106
CESC,62,7,93
CESC,62,8,103
CESC,62,9,122
CESC,63,0,137
CESC,63,1,180
CESC,63,2,110
CESC,63,3,331
CESC,63,4,109
CESC,63,5,245
CESC,63,6,142
CESC,63,7,102
CESC,63,8,205
CESC,63,9,122
CESC,64,0,409
CESC,64,1,228
CESC,64,2,850
CESC,64,3,332
CESC,64,4,422
CESC,64,5,220
CESC,64,6,169
CESC,64,7,117
CESC,64,8,142
CESC,64,9,128
CESC,65,0,83
CESC,65,1,225
CESC,65,2,477
CESC,65,3,187
CESC,65,4,188
CESC,65,5,128
CESC,65,6,75
CESC,65,7,109
CESC,65,8,512
CESC,65,9,285
CESC,66,0,595
CESC,66,1,256
CESC,66,2,683
CESC,66,3,86
CESC,66,4,140
CESC,66,5,83
CESC,66,6,390
CESC,66,7,88
CESC,66,8,119
CESC,66,9,225
CESC,67,0,109
CESC,67,1,512
CESC,67,2,208
CESC,67,3,457
CESC,67,4,163
CESC,67,5,391
CESC,67,6,533
CESC,67,7,258
CESC,67,8,235
CESC,67,9,336
CESC,68,0,99
CESC,68,1,189
CESC,68,2,92
CESC,68,3,279
CESC,68,4,125
CESC,68,5,159
CESC,68,6,166
CESC,68,7,83
CESC,68,8,82
CESC,68,9,76
CESC,69,0,941
CESC,69,1,158
CESC,69,2,337
CESC,69,3,223
CESC,69,4,211
CESC,69,5,406
CESC,69,6,79
CESC,69,7,75
CESC,69,8,64
CESC,69,9,347
CESC,70,0,260
CESC,70,1,186
CESC,70,2,112
CESC,70,3,1277
CESC,70,4,352
CESC,70,5,179
CESC,70,6,114
CESC,70,7,107
CESC,70,8,100
CESC,70,9,166
CESC,71,0,82
CESC,71,1,150
CESC,71,2,137
CESC,71,3,287
CESC,71,4,226
CESC,71,5,363
CESC,71,6,104
CESC,71,7,142
CESC,71,8,232
CESC,71,9,177
CESC,72,0,335
CESC,72,1,248
CESC,72,2,422
CESC,72,3,239
CESC,72,4,122
CESC,72,5,207
CESC,72,6,84
CESC,72,7,157
CESC,72,8,215
CESC,72,9,376
CESC,73,0,287
CESC,73,1,317
CESC,73,2,557
CESC,73,3,219
CESC,73,4,216
CESC,73,5,97
CESC,73,6,234
CESC,73,7,114
CESC,73,8,428
CESC,73,9,238
CESC,74,0,158
CESC,74,1,70
CESC,74,2,157
CESC,74,3,325
CESC,74,4,314
CESC,74,5,346
CESC,74,6,76
CESC,74,7,119
CESC,74,8,143
CESC,74,9,125
CESC,75,0,179
CESC,75,1,434
CESC,75,2,112
CESC,75,3,1341
CESC,75,4,111
CESC,75,5,133
CESC,75,6,130
CESC,75,7,464
CESC,75,8,101
CESC,75,9,239
CESC,76,0,112
CESC,76,1,54
CESC,76,2,561
CESC,76,3,73
CESC,76,4,622
CESC,76,5,234
CESC,76,6,147
CESC,76,7,112
CESC,76,8,143
CESC,76,9,64
CESC,77,0,350
CESC,77,1,204
CESC,77,2,127
CESC,77,3,92
CESC,77,4,94
CESC,77,5,114
CESC,77,6,205
CESC,77,7,158
CESC,77,8,530
CESC,77,9,116
CESC,78,0,314
CESC,78,1,349
CESC,78,2,267
CESC,78,3,176
CESC,78,4,207
CESC,78,5,189
CESC,78,6,180
CESC,78,7,133
CESC,78,8,201
CESC,78,9,758
CESC,79,0,139
CESC,79,1,188
CESC,79,2,141
CESC,79,3,117
CESC,79,4,184
CESC,79,5,202
CESC,79,6,201
CESC,79,7,305
CESC,79,8,201
CESC,79,9,91
CESC,80,0,133
CESC,80,1,220
CESC,80,2,630
CESC,80,3,368
CESC,80,4,91
CESC,80,5,213
CESC,80,6,139
CESC,80,7,677
CESC,80,8,202
CESC,80,9,182
CESC,81,0,129
CESC,81,1,269
CESC,81,2,183
CESC,81,3,216
CESC,81,4,318
CESC,81,5,269
CESC,81,6,136
CESC,81,7,120
CESC,81,8,70
CESC,81,9,67
CESC,82,0,189
CESC,82,1,206
CESC,82,2,67
CESC,82,3,179
CESC,82,4,82
CESC,82,5,134
CESC,82,6,81
CESC,82,7,199
CESC,82,8,126
CESC,82,9,80
CESC,83,0,322
CESC,83,1,73
CESC,83,2,247
CESC,83,3,187
CESC,83,4,202
CESC,83,5,271
CESC,83,6,114
CESC,83,7,283
CESC,83,8,509
CESC,83,9,57
CESC,84,0,61
CESC,84,1,142
CESC,84,2,1557
CESC,84,3,125
CESC,84,4,127
CESC,84,5,153
CESC,84,6,104
CESC,84,7,166
CESC,84,8,99
CESC,84,9,65
CESC,85,0,94
CESC,85,1,245
CESC,85,2,217
CESC,85,3,115
CESC,85,4,59
CESC,85,5,55
CESC,85,6,107
CESC,85,7,239
CESC,85,8,665
CESC,85,9,187
CESC,86,0,181
CESC,86,1,66
CESC,86,2,263
CESC,86,3,93
CESC,86,4,358
CESC,86,5,614
CESC,86,6,306
CESC,86,7,335
CESC,86,8,157
CESC,86,9,195
CESC,87,0,184
CESC,87,1,148
CESC,87,2,65
CESC,87,3,79
CESC,87,4,170
CESC,87,5,124
CESC,87,6,103
CESC,87,7,315
CESC,87,8,651
CESC,87,9,101
CESC,88,0,117
CESC,88,1,152
CESC,88,2,84
CESC,88,3,414
CESC,88,4,107
CESC,88,5,110
CESC,88,6,140
CESC,88,7,90
CESC,88,8,127
CESC,88,9,264
CESC,89,0,137
CESC,89,1,141
CESC,89,2,96
CESC,89,3,119
CESC,89,4,452
CESC,89,5,231
CESC,89,6,110
CESC,89,7,374
CESC,89,8,47
CESC,89,9,125
CESC,90,0,224
CESC,90,1,245
CESC,90,2,87
CESC,90,3,123
CESC,90,4,142
CESC,90,5,244
CESC,90,6,112
CESC,90,7,149
CESC,90,8,105
CESC,90,9,36
CESC,91,0,127
CESC,91,1,173
CESC,91,2,162
CESC,91,3,103
CESC,91,4,169
CESC,91,5,225
CESC,91,6,137
CESC,91,7,98
CESC,91,8,101
CESC,91,9,121
CESC,92,0,288
CESC,92,1,344
CESC,92,2,162
CESC,92,3,110
CESC,92,4,583
CESC,92,5,58
CESC,92,6,131
CESC,92,7,126
CESC,92,8,447
CESC,92,9,152
CESC,93,0,197
CESC,93,1,140
CESC,93,2,70
CESC,93,3,293
CESC,93,4,252
CESC,93,5,77
CESC,93,6,226
CESC,93,7,125
CESC,93,8,165
CESC,93,9,166
CESC,94,0,148
CESC,94,1,185
CESC,94,2,101
CESC,94,3,126
CESC,94,4,91
CESC,94,5,454
CESC,94,6,112
CESC,94,7,148
CESC,94,8,208
CESC,94,9,110
CESC,95,0,86
CESC,95,1,348
CESC,95,2,69
CESC,95,3,76
CESC,95,4,348
CESC,95,5,130
CESC,95,6,241
CESC,95,7,137
CESC,95,8,109
CESC,95,9,182
CESC,96,0,126
CESC,96,1,366
CESC,96,2,154
CESC,96,3,146
CESC,96,4,359
CESC,96,5,190
CESC,96,6,98
CESC,96,7,221
CESC,96,8,191
CESC,96,9,83
CESC,97,0,333
CESC,97,1,269
CESC,97,2,112
CESC,97,3,81
CESC,97,4,128
CESC,97,5,78
CESC,97,6,203
CESC,97,7,226
CESC,97,8,167
CESC,97,9,221
CESC,98,0,1124
CESC,98,1,403
CESC,98,2,349
CESC,98,3,107
CESC,98,4,125
CESC,98,5,81
CESC,98,6,246
CESC,98,7,247
CESC,98,8,158
CESC,98,9,137
CESC,99,0,122
CESC,99,1,225
CESC,99,2,159
CESC,99,3,224
CESC,99,4,216
CESC,99,5,69
CESC,99,6,302
CESC,99,7,611
CESC,99,8,245
CESC,99,9,198
CESC,100,0,198
CESC,100,1,317
CESC,100,2,487
CESC,100,3,196
CESC,100,4,159
CESC,100,5,155
CESC,100,6,683
CESC,100,7,121
CESC,100,8,99
CESC,100,9,385
CESC,101,0,225
CESC,101,1,200
CESC,101,2,152
CESC,101,3,131
CESC,101,4,168
CESC,101,5,118
CESC,101,6,111
CESC,101,7,98
CESC,101,8,227
CESC,101,9,223
CESC,102,0,132
CESC,102,1,449
CESC,102,2,80
CESC,102,3,113
CESC,102,4,195
CESC,102,5,156
CESC,102,6,129
CESC,102,7,154
CESC,102,8,92
CESC,102,9,145
CESC,103,0,370
CESC,103,1,324
CESC,103,2,157
CESC,103,3,264
CESC,103,4,115
CESC,103,5,154
CESC,103,6,386
CESC,103,7,280
CESC,103,8,158
CESC,103,9,207
CESC,104,0,351
CESC,104,1,75
CESC,104,2,163
CESC,104,3,681
CESC,104,4,60
CESC,104,5,216
CESC,104,6,100
CESC,104,7,96
CESC,104,8,152
CESC,104,9,168
CESC,105,0,82
CESC,105,1,220
CESC,105,2,295
CESC,105,3,154
CESC,105,4,308
CESC,105,5,219
CESC,105,6,271
CESC,105,7,97
CESC,105,8,134
CESC,105,9,327
CESC,106,0,341
CESC,106,1,158
CESC,106,2,145
CESC,106,3,772
CESC,106,4,140
CESC,106,5,163
CESC,106,6,148
CESC,106,7,168
CESC,106,8,245
CESC,106,9,81
CESC,107,0,135
CESC,107,1,293
CESC,107,2,203
CESC,107,3,397
CESC,107,4,293
CESC,107,5,309
CESC,107,6,456
CESC,107,7,505
CESC,107,8,127
CESC,107,9,410
CESC,108,0,130
CESC,108,1,248
CESC,108,2,70
CESC,108,3,161
CESC,108,4,212
CESC,108,5,95
CESC,108,6,124
CESC,108,7,363
CESC,108,8,170
CESC,108,9,218
CESC,109,0,202
CESC,109,1,257
CESC,109,2,82
CESC,109,3,149
CESC,109,4,78
CESC,109,5,481
CESC,109,6,279
CESC,109,7,244
CESC,109,8,159
CESC,109,9,90
CESC,110,0,95
CESC,110,1,139
CESC,110,2,178
CESC,110,3,75
CESC,110,4,138
CESC,110,5,811
CESC,110,6,105
CESC,110,7,196
CESC,110,8,278
CESC,110,9,115
CESC,111,0,264
CESC,111,1,82
CESC,111,2,214
CESC,111,3,290
CESC,111,4,123
CESC,111,5,137
CESC,111,6,73
CESC,111,7,136
CESC,111,8,172
CESC,111,9,141
CESC,112,0,190
CESC,112,1,187
CESC,112,2,281
CESC,112,3,175
CESC,112,4,169
CESC,112,5,110
CESC,112,6,362
CESC,112,7,132
CESC,112,8,331
CESC,112,9,181
CESC,113,0,134
CESC,113,1,135
CESC,113,2,251
CESC,113,3,121
CESC,113,4,482
CESC,113,5,75
CESC,113,6,192
CESC,113,7,289
CESC,113,8,119
CESC,113,9,71
CESC,114,0,192
CESC,114,1,65
CESC,114,2,148
CESC,114,3,694
CESC,114,4,481
CESC,114,5,93
CESC,114,6,141
CESC,114,7,1068
CESC,114,8,83
CESC,114,9,135
CESC,115,0,231
CESC,115,1,221
CESC,115,2,213
CESC,115,3,66
CESC,115,4,77
CESC,115,5,188
CESC,115,6,323
CESC,115,7,233
CESC,115,8,277
CESC,115,9,124
CESC,116,0,196
CESC,116,1,354
CESC,116,2,178
CESC,116,3,227
CESC,116,4,284
CESC,116,5,81
CESC,116,6,88
CESC,116,7,122
CESC,116,8,423
CESC,116,9,241
CESC,117,0,141
CESC,117,1,325
CESC,117,2,294
CESC,117,3,67
CESC,117,4,301
CESC,117,5,63
CESC,117,6,114
CESC,117,7,116
CESC,117,8,332
CESC,117,9,57
CESC,118,0,169
CESC,118,1,81
CESC,118,2,319
CESC,118,3,219
CESC,118,4,95
CESC,118,5,111
CESC,118,6,146
CESC,118,7,117
CESC,118,8,567
CESC,118,9,101
CESC,119,0,236
CESC,119,1,132
CESC,119,2,774
CESC,119,3,103
CESC,119,4,160
CESC,119,5,96
CESC,119,6,398
CESC,119,7,144
CESC,119,8,443
CESC,119,9,101
CESC,120,0,76
CESC,120,1,208
CESC,120,2,135
CESC,120,3,375
CESC,120,4,197
CESC,120,5,165
CESC,120,6,292
CESC,120,7,235
CESC,120,8,89
CESC,120,9,659
CESC,121,0,157
CESC,121,1,173
CESC,121,2,128
CESC,121,3,999
CESC,121,4,80
CESC,121,5,265
CESC,121,6,107
CESC,121,7,107
CESC,121,8,124
CESC,121,9,79
CESC,122,0,138
CESC,122,1,996
CESC,122,2,583
CESC,122,3,100
CESC,122,4,65
CESC,122,5,146
CESC,122,6,61
CESC,122,7,100
CESC,122,8,62
CESC,122,9,87
CESC,123,0,53
CESC,123,1,96
CESC,123,2,133
CESC,123,3,251
CESC,123,4,104
CESC,123,5,224
CESC,123,6,296
CESC,123,7,205
CESC,123,8,396
CESC,123,9,96
CESC,124,0,177
CESC,124,1,120
CESC,124,2,101
CESC,124,3,285
CESC,124,4,103
CESC,124,5,179
CESC,124,6,298
CESC,124,7,140
CESC,124,8,342
CESC,124,9,186
CESC,125,0,155
CESC,125,1,257
CESC,125,2,110
CESC,125,3,244
CESC,125,4,90
CESC,125,5,138
CESC,125,6,313
CESC,125,7,123
CESC,125,8,202
CESC,125,9,119
CESC,126,0,271
CESC,126,1,175
CESC,126,2,287
CESC,126,3,116
CESC,126,4,175
CESC,126,5,150
CESC,126,6,155
CESC,126,7,84
CESC,126,8,451
CESC,126,9,133
CESC,127,0,152
CESC,127,1,144
CESC,127,2,118
CESC,127,3,217
CESC,127,4,612
CESC,127,5,70
CESC,127,6,205
CESC,127,7,286
CESC,127,8,100
CESC,127,9,150
CESC,128,0,188
CESC,128,1,205
CESC,128,2,348
CESC,128,3,350
CESC,128,4,50
CESC,128,5,71
CESC,128,6,423
CESC,128,7,159
CESC,128,8,70
CESC,128,9,434
CESC,129,0,258
CESC,129,1,668
CESC,129,2,89
CESC,129,3,486
CESC,129,4,114
CESC,129,5,176
CESC,129,6,156
CESC,129,7,142
CESC,129,8,141
CESC,129,9,68
CESC,130,0,164
CESC,130,1,388
CESC,130,2,96
CESC,130,3,137
CESC,130,4,155
CESC,130,5,96
CESC,130,6,80
CESC,130,7,132
CESC,130,8,90
CESC,130,9,220
CESC,131,0,442
CESC,131,1,100
CESC,131,2,101
CESC,131,3,127
CESC,131,4,498
CESC,131,5,527
CESC,131,6,245
CESC,131,7,637
CESC,131,8,333
CESC,131,9,189
CESC,132,0,115
CESC,132,1,182
CESC,132,2,152
CESC,132,3,80
CESC,132,4,147
CESC,132,5,152
CESC,132,6,211
CESC,132,7,325
CESC,132,8,117
CESC,132,9,171
CESC,133,0,146
CESC,133,1,112
CESC,133,2,126
CESC,133,3,302
CESC,133,4,170
CESC,133,5,285
CESC,133,6,123
CESC,133,7,143
CESC,133,8,93
CESC,133,9,93
CESC,134,0,253
CESC,134,1,127
CESC,134,2,130
CESC,134,3,231
CESC,134,4,86
CESC,134,5,319
CESC,134,6,180
CESC,134,7,461
CESC,134,8,574
CESC,134,9,163
CESC,135,0,554
CESC,135,1,170
CESC,135,2,205
CESC,135,3,123
CESC,135,4,368
CESC,135,5,122
CESC,135,6,115
CESC,135,7,90
CESC,135,8,280
CESC,135,9,150
CESC,136,0,336
CESC,136,1,161
CESC,136,2,93
CESC,136,3,207
CESC,136,4,320
CESC,136,5,80
CESC,136,6,341
CESC,136,7,188
CESC,136,8,72
CESC,136,9,152
CESC,137,0,156
CESC,137,1,151
CESC,137,2,251
CESC,137,3,288
CESC,137,4,108
CESC,137,5,113
CESC,137,6,187
CESC,137,7,303
CESC,137,8,168
CESC,137,9,72
CESC,138,0,278
CESC,138,1,63
CESC,138,2,1145
CESC,138,3,174
CESC,138,4,235
CESC,138,5,232
CESC,138,6,153
CESC,138,7,231
CESC,138,8,170
CESC,138,9,152
CESC,139,0,93
CESC,139,1,763
CESC,139,2,313
CESC,139,3,99
CESC,139,4,255
CESC,139,5,692
CESC,139,6,120
CESC,139,7,137
CESC,139,8,170
CESC,139,9,378
CESC,140,0,304
CESC,140,1,207
CESC,140,2,137
CESC,140,3,385
CESC,140,4,168
CESC,140,5,124
CESC,140,6,228
CESC,140,7,245
CESC,140,8,177
CESC,140,9,406
CESC,141,0,333
CESC,141,1,80
CESC,141,2,586
CESC,141,3,139
CESC,141,4,144
CESC,141,5,205
CESC,141,6,195
CESC,141,7,477
CESC,141,8,79
CESC,141,9,89
CESC,142,0,131
CESC,142,1,218
CESC,142,2,253
CESC,142,3,137
CESC,142,4,149
CESC,142,5,236
CESC,142,6,119
CESC,142,7,268
CESC,142,8,126
CESC,142,9,195
CESC,143,0,240
CESC,143,1,116
CESC,143,2,269
CESC,143,3,229
CESC,143,4,100
CESC,143,5,277
CESC,143,6,166
CESC,143,7,175
CESC,143,8,325
CESC,143,9,118
CESC,144,0,76
CESC,144,1,125
CESC,144,2,128
CESC,144,3,114
CESC,144,4,365
CESC,144,5,136
CESC,144,6,437
CESC,144,7,122
CESC,144,8,195
CESC,144,9,89
CESC,145,0,92
CESC,145,1,131
CESC,145,2,143
CESC,145,3,209
CESC,145,4,344
CESC,145,5,98
CESC,145,6,82
CESC,145,7,118
CESC,145,8,73
CESC,145,9,390
CESC,146,0,168
CESC,146,1,156
CESC,146,2,338
CESC,146,3,340
CESC,146,4,295
CESC,146,5,117
CESC,146,6,101
CESC,146,7,111
CESC,146,8,279
CESC,146,9,152
CESC,147,0,164
CESC,147,1,109
CESC,147,2,167
CESC,147,3,303
CESC,147,4,205
CESC,147,5,227
CESC,147,6,61
CESC,147,7,206
CESC,147,8,204
CESC,147,9,109
CESC,148,0,96
CESC,148,1,250
CESC,148,2,167
CESC,148,3,92
CESC,148,4,117
CESC,148,5,116
CESC,148,6,95
CESC,148,7,144
CESC,148,8,106
CESC,148,9,173
CESC,149,0,121
CESC,149,1,109
CESC,149,2,318
CESC,149,3,215
CESC,149,4,172
CESC,149,5,89
CESC,149,6,188
CESC,149,7,148
CESC,149,8,115
CESC,149,9,208
CESC,150,0,72
CESC,150,1,78
CESC,150,2,148
CESC,150,3,134
CESC,150,4,319
CESC,150,5,175
CESC,150,6,105
CESC,150,7,172
CESC,150,8,107
CESC,150,9,138
CESC,151,0,192
CESC,151,1,173
CESC,151,2,274
CESC,151,3,99
CESC,151,4,148
CESC,151,5,281
CESC,151,6,279
CESC,151,7,87
CESC,151,8,279
CESC,151,9,212
CESC,152,0,561
CESC,152,1,582
CESC,152,2,95
CESC,152,3,300
CESC,152,4,100
CESC,152,5,179
CESC,152,6,126
CESC,152,7,155
CESC,152,8,83
CESC,152,9,591
CESC,153,0,124
CESC,153,1,296
CESC,153,2,181
CESC,153,3,220
CESC,153,4,132
CESC,153,5,141
CESC,153,6,322
CESC,153,7,95
CESC,153,8,127
CESC,153,9,111
CESC,154,0,205
CESC,154,1,83
CESC,154,2,147
CESC,154,3,137
CESC,154,4,341
CESC,154,5,276
CESC,154,6,258
CESC,154,7,120
CESC,154,8,96
CESC,154,9,581
CESC,155,0,102
CESC,155,1,159
CESC,155,2,221
CESC,155,3,160
CESC,155,4,185
CESC,155,5,155
CESC,155,6,124
CESC,155,7,125
CESC,155,8,160
CESC,155,9,537
CESC,156,0,109
CESC,156,1,74
CESC,156,2,246
CESC,156,3,214
CESC,156,4,125
CESC,156,5,95
CESC,156,6,164
CESC,156,7,134
CESC,156,8,121
CESC,156,9,70
CESC,157,0,186
CESC,157,1,149
CESC,157,2,83
CESC,157,3,369
CESC,157,4,102
CESC,157,5,105
CESC,157,6,458
CESC,157,7,159
CESC,157,8,307
CESC,157,9,130
CESC,158,0,158
CESC,158,1,171
CESC,158,2,215
CESC,158,3,135
CESC,158,4,394
CESC,158,5,149
CESC,158,6,177
CESC,158,7,388
CESC,158,8,398
CESC,158,9,231
CESC,159,0,228
CESC,159,1,102
CESC,159,2,164
CESC,159,3,317
CESC,159,4,58
CESC,159,5,108
CESC,159,6,264
CESC,159,7,174
CESC,159,8,156
CESC,159,9,163
CESC,160,0,130
CESC,160,1,117
CESC,160,2,238
CESC,160,3,214
CESC,160,4,197
CESC,160,5,129
CESC,160,6,140
CESC,160,7,116
CESC,160,8,217
CESC,160,9,76
CESC,161,0,195
CESC,161,1,120
CESC,161,2,112
CESC,161,3,708
CESC,161,4,120
CESC,161,5,167
CESC,161,6,72
CESC,161,7,63
CESC,161,8,106
CESC,161,9,102
CESC,162,0,301
CESC,162,1,55
CESC,162,2,179
CESC,162,3,332
CESC,162,4,152
CESC,162,5,163
CESC,162,6,89
CESC,162,7,1277
CESC,162,8,293
CESC,162,9,175
CESC,163,0,250
CESC,163,1,195
CESC,163,2,83
CESC,163,3,167
CESC,163,4,541
CESC,163,5,369
CESC,163,6,183
CESC,163,7,161
CESC,163,8,74
CESC,163,9,119
CESC,164,0,64
CESC,164,1,108
CESC,164,2,149
CESC,164,3,54
CESC,164,4,219
CESC,164,5,134
CESC,164,6,368
CESC,164,7,129
CESC,164,8,62
CESC,164,9,185
CESC,165,0,147
CESC,165,1,116
CESC,165,2,161
CESC,165,3,145
CESC,165,4,382
CESC,165,5,155
CESC,165,6,376
CESC,165,7,361
CESC,165,8,147
CESC,165,9,280
CESC,166,0,92
CESC,166,1,75
CESC,166,2,105
CESC,166,3,196
CESC,166,4,227
CESC,166,5,104
CESC,166,6,104
CESC,166,7,97
CESC,166,8,203
CESC,166,9,193
CESC,167,0,136
CESC,167,1,250
CESC,167,2,255
CESC,167,3,51
CESC,167,4,625
CESC,167,5,92
CESC,167,6,255
CESC,167,7,83
CESC,167,8,132
CESC,167,9,422
CESC,168,0,78
CESC,168,1,86
CESC,168,2,162
CESC,168,3,256
CESC,168,4,186
CESC,168,5,104
CESC,168,6,96
CESC,168,7,214
CESC,168,8,135
CESC,168,9,123
CESC,169,0,290
CESC,169,1,140
CESC,169,2,172
CESC,169,3,241
CESC,169,4,129
CESC,169,5,1200
CESC,169,6,108
CESC,169,7,740
CESC,169,8,252
CESC,169,9,310
CESC,170,0,213
CESC,170,1,145
CESC,170,2,66
CESC,170,3,80
CESC,170,4,586
CESC,170,5,81
CESC,170,6,336
CESC,170,7,80
CESC,170,8,189
CESC,170,9,72
CESC,171,0,71
CESC,171,1,100
CESC,171,2,129
CESC,171,3,58
CESC,171,4,107
CESC,171,5,127
CESC,171,6,172
CESC,171,7,201
CESC,171,8,245
CESC,171,9,506
CESC,172,0,560
CESC,172,1,302
CESC,172,2,280
CESC,172,3,399
CESC,172,4,299
CESC,172,5,90
CESC,172,6,103
CESC,172,7,97
CESC,172,8,79
CESC,172,9,208
CESC,173,0,85
CESC,173,1,139
CESC,173,2,68
CESC,173,3,71
CESC,173,4,115
CESC,173,5,84
CESC,173,6,52
CESC,173,7,132
CESC,173,8,109
CESC,173,9,299
CESC,174,0,128
CESC,174,1,309
CESC,174,2,224
CESC,174,3,70
CESC,174,4,111
CESC,174,5,63
CESC,174,6,38
CESC,174,7,69
CESC,174,8,100
CESC,174,9,120
CESC,175,0,144
CESC,175,1,226
CESC,175,2,116
CESC,175,3,185
CESC,175,4,342
CESC,175,5,130
CESC,175,6,166
CESC,175,7,288
CESC,175,8,279
CESC,175,9,552
CESC,176,0,528
CESC,176,1,635
CESC,176,2,121
CESC,176,3,137
CESC,176,4,203
CESC,176,5,520
CESC,176,6,341
CESC,176,7,268
CESC,176,8,489
CESC,176,9,118
CESC,177,0,155
CESC,177,1,81
CESC,177,2,206
CESC,177,3,65
CESC,177,4,275
CESC,177,5,216
CESC,177,6,185
CESC,177,7,90
CESC,177,8,116
CESC,177,9,765
CESC,178,0,143
CESC,178,1,127
CESC,178,2,76
CESC,178,3,192
CESC,178,4,165
CESC,178,5,301
CESC,178,6,69
CESC,178,7,125
CESC,178,8,155
CESC,178,9,108
CESC,179,0,223
CESC,179,1,95
CESC,179,2,125
CESC,179,3,293
CESC,179,4,109
CESC,179,5,102
CESC,179,6,2314
CESC,179,7,108
CESC,179,8,239
CESC,179,9,130
CESC,180,0,205
CESC,180,1,377
CESC,180,2,90
CESC,180,3,173
CESC,180,4,206
CESC,180,5,86
CESC,180,6,237
CESC,180,7,177
CESC,180,8,394
CESC,180,9,246
CESC,181,0,173
CESC,181,1,190
CESC,181,2,148
CESC,181,3,394
CESC,181,4,200
CESC,181,5,67
CESC,181,6,160
CESC,181,7,166
CESC,181,8,135
CESC,181,9,212
CESC,182,0,332
CESC,182,1,112
CESC,182,2,61
CESC,182,3,136
CESC,182,4,196
CESC,182,5,192
CESC,182,6,168
CESC,182,7,84
CESC,182,8,559
CESC,182,9,219
CESC,183,0,230
CESC,183,1,129
CESC,183,2,817
CESC,183,3,97
CESC,183,4,187
CESC,183,5,247
CESC,183,6,132
CESC,183,7,94
CESC,183,8,61
CESC,183,9,623
CESC,184,0,101
CESC,184,1,73
CESC,184,2,84
CESC,184,3,101
CESC,184,4,309
CESC,184,5,144
CESC,184,6,160
CESC,184,7,60
CESC,184,8,84
CESC,184,9,227
CESC,185,0,151
CESC,185,1,105
CESC,185,2,136
CESC,185,3,165
CESC,185,4,319
CESC,185,5,309
CESC,185,6,134
CESC,185,7,115
CESC,185,8,401
CESC,185,9,283
CESC,186,0,128
CESC,186,1,108
CESC,186,2,112
CESC,186,3,323
CESC,186,4,115
CESC,186,5,276
CESC,186,6,161
CESC,186,7,88
CESC,186,8,99
CESC,186,9,198
CESC,187,0,383
CESC,187,1,169
CESC,187,2,117
CESC,187,3,124
CESC,187,4,59
CESC,187,5,107
CESC,187,6,144
CESC,187,7,179
CESC,187,8,339
CESC,187,9,53
CESC,188,0,202
CESC,188,1,598
CESC,188,2,245
CESC,188,3,83
CESC,188,4,99
CESC,188,5,143
CESC,188,6,197
CESC,188,7,427
CESC,188,8,109
CESC,188,9,268
CESC,189,0,117
CESC,189,1,217
CESC,189,2,67
CESC,189,3,337
CESC,189,4,135
CESC,189,5,190
CESC,189,6,89
CESC,189,7,48
CESC,189,8,491
CESC,189,9,174
CESC,190,0,62
CESC,190,1,123
CESC,190,2,278
CESC,190,3,122
CESC,190,4,325
CESC,190,5,106
CESC,190,6,183
CESC,190,7,81
CESC,190,8,144
CESC,190,9,99
CESC,191,0,114
CESC,191,1,246
CESC,191,2,177
CESC,191,3,204
CESC,191,4,158
CESC,191,5,271
CESC,191,6,295
CESC,191,7,114
CESC,191,8,103
CESC,191,9,169
CESC,192,0,307
CESC,192,1,304
CESC,192,2,98
CESC,192,3,114
CESC,192,4,197
CESC,192,5,272
CESC,192,6,186
CESC,192,7,159
CESC,192,8,105
CESC,192,9,445
CESC,193,0,69
CESC,193,1,176
CESC,193,2,335
CESC,193,3,147
CESC,193,4,239
CESC,193,5,49
CESC,193,6,123
CESC,193,7,68
CESC,193,8,333
CESC,193,9,60
CESC,194,0,188
CESC,194,1,68
CESC,194,2,175
CESC,194,3,191
CESC,194,4,92
CESC,194,5,294
CESC,194,6,112
CESC,194,7,164
CESC,194,8,221
CESC,194,9,65
CESC,195,0,604
CESC,195,1,256
CESC,195,2,69
CESC,195,3,145
CESC,195,4,152
CESC,195,5,99
CESC,195,6,115
CESC,195,7,600
CESC,195,8,145
CESC,195,9,195
CESC,196,0,237
CESC,196,1,268
CESC,196,2,92
CESC,196,3,120
CESC,196,4,163
CESC,196,5,238
CESC,196,6,188
CESC,196,7,134
CESC,196,8,206
CESC,196,9,123
CESC,197,0,72
CESC,197,1,154
CESC,197,2,229
CESC,197,3,131
CESC,197,4,198
CESC,197,5,319
CESC,197,6,243
CESC,197,7,132
CESC,197,8,256
CESC,197,9,169
CESC,198,0,161
CESC,198,1,153
CESC,198,2,153
CESC,198,3,72
CESC,198,4,104
CESC,198,5,117
CESC,198,6,77
CESC,198,7,207
CESC,198,8,150
CESC,198,9,125
CESC,199,0,256
CESC,199,1,510
CESC,199,2,64
CESC,199,3,208
CESC,199,4,467
CESC,199,5,171
CESC,199,6,155
CESC,199,7,160
CESC,199,8,43
CESC,199,9,283
